{"cameraMode":{"drawMode":0,"name":"Shaded","section":"Shading Mode"},"sceneLighting":false,"audioPlay":false,"sceneViewState":{"showFog":true,"showMaterialUpdate":false,"showSkybox":true,"showFlares":true,"showImageEffects":true,"showParticleSystems":true},"in2DMode":false,"pivot":{"x":2.8299999237060549,"y":0.7174974679946899,"z":0.0},"rotation":{"x":0.43368297815322878,"y":-0.02838217467069626,"z":0.013665742240846157,"w":0.9005275368690491},"size":4.669835090637207,"orthographic":false}